<?xml version="1.0" encoding="utf-8" ?>
<Dictionary>
 <Words>
  <Unrecognized>
   <Word>cb</Word>
  </Unrecognized>
  <Recognized>
   <Word>contravariant</Word>
   <Word>blackfin</Word>
   <Word>Util</Word>
   <Word>btn</Word>
   <Word>cmd</Word>
   <Word>rpt</Word>
   <Word>txt</Word>
   <Word>img</Word>
   <Word>ddl</Word>
   <Word>lst</Word>
  </Recognized>
  <Deprecated/>
  <Inappropriate/>
 </Words>
 <Acronyms>
  <CasingExceptions>
   <Acronym>CJK</Acronym>
   <Acronym>ID</Acronym>
   <Acronym>Pi</Acronym>
   <Acronym>SQL</Acronym>
  </CasingExceptions>
 </Acronyms>
</Dictionary>
